Model,Accuracy,F1,Time
XGBoost (GPU),0.9329699172218857,0.936828867519022,10.4s
DistilBERT (GPU),0.9640621845346254,0.9642488524666032,10.8min
